# [{'FAQ_TP': 'object'}, {'FAQ_SEQNO': 'float64'}, {'FAQ_TP_NAME': 'object'}, {'LCODE': 'float64'}, {'LCODE_NAME': 'object'}, {'QUEST': 'object'}, {'UPDATE_YMDHMS': 'float64'}, {'UPDATE_YMD': 'datetime64[ns]'}, {'ANSWER': 'object'}] 
FAQ_TP,FAQ_SEQNO,FAQ_TP_NAME,LCODE,LCODE_NAME,QUEST,UPDATE_YMDHMS,UPDATE_YMD,ANSWER
F,289427.0,FAQ,22214327.0,일반공공행정,[시ㆍ구정외 타기관 관련 상담] 고용노동부 [일자리 안정자금],20190522102043.0,2019-05-22 10:20:43,"■ 최저임금 해결사 일자리 안정자금

 ○ 정부(고용노동부)에서 &quot;일자리 안정자금&quot;을 최저임금 인상으로 부담커진 소상공인. 영세사업주에 지원

  ※ 처리구분 및 상담유형 : [유관기관] - [노동부(고용/근로)]





　



구분



설명





　



신청시기



 연 1회 (2018년 1월 1일~12월 31일)

 ※ 사업시행일 이후 연중 1회 신청으로 최초 지원대상월부터 18년말 임금지급월까지 지급 (신청월 이후 매월 자동 지급)





　



대상자



지원대상



 ○ 노동자를 30인 미만으로 고용하는 모든 사업(주)에 대해 지원

  ※ [예외] 공동주택 경비.청소원에 대해서는 30인 이상 사업주도 지원





　



지원제외



 소득 사업주(과세소득 5억 초과), 임금체불 명단 공개 사업주, 국가 등 공공부문, 국가 등으로부터 인건비 재정지원 받고 있는 사업주 등





　



지원요건



 ○ 신청일 이전 1개월 이상 고용이 유지된 월 보수액 210만원 미만 노동자

 ○ 최저임금 준수 및 고용보험 가입 원칙

 ○ 기존 노동자 임금(보수) 수준 저하 금지 및 고용유지 의무





　



접수처



온라인



  근로복지공단 고용.산재토탈서비스 (http://total.kcomwel.or.kr)





　



팩스.방문



  근로복지공단 관할지사





　



지원금액



 노동자 1인당 월 13만원 (단, 주 40시간 미만 근로자는 근로시간 비례 지급)



  ※ 5인미만 사업장 월15만원 지원





　



지급방식



지급시기



 매월 10, 20, 30일 중에서 사업주가 선택한 지급희망일자에 지급

 ※ 최초분(지급희망월~신청월 전월분) 지급 : 지급결정일로부터 최대 3일내 지급하되, 불가피한 사유가 없을 경우 신속히 즉시 지급





　



지급방식



 ○ 직접 지급 or 사회보험료 대납 방식 선택 가능

  - 직접 지급 : 개인은 개인 사업주, 법인은 법인, 공동주택 경비.청소원은 입주자대표회의 통장으로 입금

  - 사회보험료 대납 : 건강보험공단에서 사업장별 4대보험 월별 고지금액에 따라 안분하여 대납처리





　



문의처



 ○ 공식홈페이지 : 일자리안정자금 홈페이지 (http://www.jobfunds.or.kr)

 ○ 근로복지공단 1588-0075

 ○ 고용센터 1350"
F,289434.0,FAQ,22214061.0,문화와여가,서대문문화체육회관 FAQ,20190816162025.0,2019-08-16 16:20:25,"？？





주요 질의사항



답 변 사 항





강좌 신청방법은?



방문 신청과 인터넷 신청(기존회원 접수기간 제외)이 가능하며, 방문 신청의 경우 2층 안내데스크에서 접수받으며, 현금 및 카드결제가 가능합니다.





온라인 접수 방법이 있나요?



서대문문화체육회관 홈페이지(www.sscmc.or.kr)에서 회원 가입하시고 온라인접수 진행 후 진행절차에 따라 접수 하시면 됩니다.





신용카드 결제가 가능한가요?



문화·체육강좌 인터넷 접수의 경우 카드결제만 가능하며, 방문 시 카드/현금결제 모두 가능합니다. 여성센터는 인터넷접수는 무통장 입금만 가능하며 방문접수는 카드 결제 가능합니다.





문화강좌 개강일은 어떻게



되나요?



문화강좌는 3개월 단위로 운영되며 매년 3월, 6월, 9월, 12월



첫째 주에 개강합니다.





문화강좌 신청기간은 어떻게 



되나요?



* 기존회원 : 2월, 5월, 8월, 11월 둘째 주에 신청을 받으며, 기존회원은 문자안내 및 홈페이지에 사전공지합니다.



* 신규회원 : 2월, 5월, 8월, 11월 중순에 신청을 받으며, 구체적인 



 일정은 당월 첫째 주 홈페이지를 통해 공지합니다.





문화강좌 환불방법은?



환불은 개강일 이전에는 전액 환불되며, 개강일 이후에는 환불사유 발생 월의 수강료를 공제한 후 환불하여 드립니다. 단 환불은 반드시 방문하셔서 신청하셔야 합니다.





체육 강좌 접수기간은



어떻게 되나요?



체육 강좌 접수기간은 기존회원 매월 18~24일, 신규 회원은 매월 25~말일까지(공휴일일 경우 그 전날까지)이며 07:00~20:00까지 접수 가능합니다.



2개월 프로그램 등 월 단위 프로그램이 아닌 경우는 홈페이지를 참고하시거나 유선으로 문의주시기 바랍니다.





체육 강좌 이용기간은 



어떻게 되나요?



체육 강좌는 매월 1일~말일까지 1개월 단위운영을 원칙으로 하고 있습니다. 다만 방학특강 등의 특별운영 프로그램은 운영기간을 따로 안내하오니 참고하시기 바랍니다.





체육 강좌 접수방법은



어떻게 되나요?



체육 강좌 접수방법은 온라인과 오프라인 2가지 방법이 있으며 접수기간 내에 직접 방문하시면 프로그램과 접수방법을 상세히 안내하여 드리겠습니다.



온라인 접수 시에는 공단 홈페이지 내에서 신청이 가능하며 회원가입이 되어 있으셔야 합니다. 





체육 강좌 연기, 환불 신청방법은 어떻게 되나요?



체육 강좌 연기를 원하시는 경우에는 그에 맞는 사유(병원치료, 출장 등)가 있어야 하며 증빙 가능서류를 첨부하여 연기신청서를 작성해 주셔야 합니다.



연기는 사유에 따라 1개월 단위로 최장 3개월까지 가능합니다. 환불을 원하시는 경우 신청자 확인이 가능한 신분증과 입금 받으실 계좌번호를 지참하시어 환불신청서를 작성해 주셔야 합니다.



환불 신청 시 개강일 전 전액 환불, 개강일 이후에는 총 이용요금의 10% 공제 후 일할 계산되어 환불됩니다.





할인제도는 어떻게 되나요?



할인제도는 서대문구 조례에 의거하여 진행하고 있으며 경로 할인, 다둥이 할인, 가임여성 할인 등 다양한 할인제도가 운영되고 있으니 할인율과 대상 등 궁금하신 사항은 홈페이지를 참고하시거나 유선 문의하여 주시기 바랍니다.









？？？





주요 질의사항



답 변 사 항





서대문문화체육회관 문화시설 대관 신청 및 이용방법은 어떻게 되나요?



서대문문화체육회관 주요시설물의 대관은 관련규정에 의거 대관료를 받고 있습니다. 대.."
F,289435.0,FAQ,22214061.0,문화와여가,서대문구립인조잔디구장 FAQ,20190816162025.0,2019-08-16 16:20:25,"？？





주요 질의사항



답 변 사 항





인조잔디구장 위치는



어떻게 되나요?



인조잔디구장은 서대문문화체육회관 뒤편 구 백련배수지에 위치하고 있습니다. 





인조잔디구장 예약은



어떤 식으로 해야 하나요?



- 인조잔디구장 사용 예약은 추첨을 통해 이루어집니다.



- 추첨에 참가하기 위해서는 몇 가지 조건이 있으며, 그 조건은



 다음과 같습니다.



- 첫째 22명 이상의 팀원으로 구성된 팀 중 절반 이상(11명)이 서대문 구민이어야 하며, 홈페이지에 첨부된 등록서를 제출하셔서 팀 등록을 마치셔야 합니다.



- 둘째 팀 등록을 마친 팀은 짝수 달 마지막 목요일 19:00에 문화체육회관 2층 소극장에서 추첨을 통하여 다음 두 달간의 일정이 예약됩니다.





인조잔디구장 사용료는



얼마입니까?



인조잔디구장 사용료는 평일(2시간) 60,500원이며 공휴일은 30%가



가산된 78,650원입니다. 





조명사용료는 얼마입니까?



일출？일몰 시간에 맞춰 조명사용을 하며 30분당 5,250원이 부과 됩니다. 





예약현황은 어떻게 알 수



있나요?



서대문구도시관리공단 인조잔디구장 홈페이지 (https://www.sscmc.or.kr/culture1/grass/grass_list.asp)에 인조잔디구장 예약 현황을 엑셀파일로 실시간 업데이트하고 있으니, 참고하시기 바랍니다.





주차장 운영시간 및



주차요금은 어떻게 되나요?



주차장 운영시간은 평일 09:00 ~ 18:00이며, 주차요금은 30분당



1,000원의 주차요금을 징수하고 있습니다. 단, 운영시간 이외 및



토？일요일(공휴일 포함)은 무료주차입니다.



평일 잔디구장 사용 2시간당 5대 무료주차 혜택을 제공합니다.





？？"
F,289436.0,FAQ,22214061.0,문화와여가,궁동체육관 FAQ,20190816162014.0,2019-08-16 16:20:14,"？？





주요 질의사항



답 변 사 항





궁동체육관 개관일은



어떻게 되나요?



궁동 체육관은 매년 1월1일(신정), 설 연휴 2일(전날, 당일), 추석 연휴 2일(전날, 당일), 매주 월요일, 기타 부득이한 경우를 제외한 나머지는 모두 개관입니다. 





궁동체육관 이용시간은



어떻게 되나요?



아침 06:00부터 22:00까지입니다.





궁동체육관 강습프로그램은 



어떻게 되나요?



배드민턴 강습 프로그램은 매주 화, 목, 토요일 새벽반, 오전반, 저녁반으로 구성되어 있으며, 새벽반은 06:30~09:30, 오전반은 10:00~13:00 이고 저녁반은 18:30~21:30 까지이며 수,금,일요일은 저녁반 18:30~21:30이며 수강료는 서대문구민 99,600원 타지역구민은 124,000원입니다.





궁동체육관 주차는 어떻게 



되나요?



궁동체육관 주변은 궁동근린공원으로 주차장 확보가 어려우며 체육관 전용주차장 또한 없음을 양해바라며 도보 및 대중교통을 이용하여 주시기 바랍니다. 





궁동체육관 전체 대관은



어떻게 되나요?



궁동체육관은 일일입장권 및 월정기권을 발행하여 사용하고 있고 매일 불특정 다수가 이용하는 체육관으로 기관이나 단체에서 체육관 전체를 대관하는 것은 어려우니 양해바랍니다. 





궁동체육관 이용요금은



어떻게 되나요?



궁동체육관 이용요금은 서대문구민과 타 구민으로 나누어 부과되며 서대문구민 일일입장권은 평일 1,400원, 공휴일 1,800원이며 타구민은 평일 2,200원, 공휴일 2,800원입니다. 월 정기권은 서대문구민 28,000원이며 타구민은 44,000원입니다. 





？？"
F,289437.0,FAQ,22214061.0,문화와여가,홍제배드민턴장 FAQ,20190816162034.0,2019-08-16 16:20:34,"？？





주요 질의사항



답 변 사 항





홍제배드민턴장 개관일은



어떻게 되나요?



홍제배드민턴장은 매년 1월1일(신정), 설 연휴 2일(전날, 당일), 추석 연휴 2일(전날, 당일), 매주 월요일, 기타 부득이한 경우를 제외한 나머지는 모두 개관입니다. 





홍제배드민턴장 이용시간은



어떻게 되나요?



아침 06:00부터 22:00까지입니다. 





홍제배드민턴장 강습프로그램은 어떻게 되나요?



화 목 토반 /수 금 일반으로 이루어져 있습니다 그리고 강습시간은 동일하게 저녁 18:30~21:30분까지 진행합니다.





홍제배드민턴장 주차는 어떻게 되나요?



홍제배드민턴장은 내분순환도로 하부 공간으로써 주차장 확보가 어려우며 체육관 전용주차장 또한 없음을 양해바라며 도보 및 대중교통을 이용하여 주시기 바랍니다. 





홍제배드민턴장 전체 대관은 



어떻게 되나요?



홍제배드민턴장은 일일입장권 및 월정기권을 발행하여 사용하고 있고 매일 불특정 다수가 이용하는 체육관으로 기관이나 단체에서 체육관 전체를 대관하는 것은 어려우니 양해바랍니다. 





홍제배드민턴장 이용요금은



어떻게 되나요?



홍제배드민턴장 이용요금은 서대문구민과 타 구민으로 나누어 부과되며 서대문구민 일일입장권은 평일 1,200원, 공휴일 1,400원이며 타구민은 평일 2,000원, 공휴일 2,400원입니다. 월 정기권은 서대문구민 24,000원이며 타구민은 40,000원입니다. 





？？"
F,289472.0,FAQ,22214153.0,재난과안전,양천생활안전체험교육관,20180213145025.0,2018-02-13 14:50:25,"구분



내용





업무개요



 최첨단 교육 실습 마네킹을 통한 심폐소생술 교육과 화재진압, 연기피난, 완강기 등의 가상 재난 체험, 

 그리고 전기,가스 등 생활시설의 안전한 작동방법을 쉽게 배워볼 수 있는 실습위주의 체험 교육공간 운영





교육 안내



교육대상



 ○ 양천구 주민 또는 구 소재한 직장에 다니는 주민





교육시간



 ▣ 평일 1일 3회(성인 위주로 하되 학교 등 단체 교육 가능) 

   ○ 1회차 오전 10시 ~ 12시

   ○ 2회차 오후 13시 ~ 15시

   ○ 3회차 오후 15시 ~ 17시



 ▣ 주말 주1회(가족단위 교육, 만 6세 이상) 

  ○ 매주 토요일 오전 10시 ~ 12시



 ▣ 야간 월2회(성인위주 교육)

  ○ 둘째, 넷째 목요일 저녁 19시 ~ 21시





교육내용



 심폐소생술 실습교육, 화재진압ㆍ연기피난 체험, 완강기 사용 체험, 전기ㆍ가스사용 실습교육





신청방법



 개인/단체 접수 가능

 ○ 전화 : 02-2620-4397~9

 ○ 인터넷 : 양천구청 홈페이지(http://www.yangcheon.go.kr) → 상단, 생활안전체험교육관 





주의사항



 ○ 만 6세 이상 13세 미만의 청소년의 예약시 반드시 보호자의 등록 필요

 ○ 교육시간 20분이상 늦으시면 입장은 가능하나, 이수증 발급은 불가능

 ○ 예약은 현월부터 3개월까지 가능

 ○ 장애인 체험 교육 시 안전확보를 위해서 1인당 1명의 안전교사가 반드시 동행해야함

 ○ 예약취소는 1일전까지 홈페이지 또는 전화를 통해 하실 수 있도록 안내

 ○ 교육인원이 평일 5명/토요,야간 10명 미만일 경우 교육이 취소 될 수 있음

 ○ 예약 후 취소 없이 불참인 경우 향우 6개월간 예약이 제한될 수 있음

 ○ 사용자의 주차장 사용요금은 별도 징수함

 ○ 중복 교육시 처음 발급 받으셨던 이수증을 가져오실 수 있도록 안내 

 ○ 슬리퍼, 짧은치마, 체험하기 불편한 복장 지양 안내

 ○ 음식물 반입 및 애완동물의 출입 금지

 ○ 임의로 체험시설 작동기기를 만지거나 조작하는 행위 금지

 ○ 운영요권의 정당한 통제에 불응하는 행위 금지

 ○ 기타 다른 이용자의 안전을 위협하는 행위 금지

 ○ 체험관은 금연구역임





문의사항



 ○ 양천생활안전체험교육관 02-2620-4397~9"
F,289473.0,FAQ,22214061.0,문화와여가,금천 나도스타 노래부르기 대회 (어린이날 행사),20190502160033.0,2019-05-02 16:00:33,"▣ [금천구] 제9회 금천 &apos;나도스타&apos; 노래부르기 대회 참가자 모집 안내     ※ 상세사항 홈페이지 참조 : [바로가기]

  ○ 일정

    - 예 선 : 2019. 4. 12.(금) 14시 ~ 18시, 금천구청 12층 대강당

    - 본 선 : 2019. 5. 15.(수) 15시 ~ 17시30분, 금나래아트홀

   ○ 모집기간 : 2019. 3. 11.(월) ~ 3. 29.(금) 18:00시까지

   ○ 대 상 자 : 금천구에 거주하는 만 5세 이상 ~ 19세 미만의 아동·청소년

  ○ 모집부문

    - 미취학부문 : 독창, 중합창 나누지 않음

    - 초등 독창 : 2개 부문[저학년(1~3학년)/고학년(4학년~6학년)]

    - 초등 중·합창 : 1개 부문(저/고학년 나누지 않음)

    - 중고등부문 : 독창, 중합창 나누지 않음

  ○ 제출서류 : 신청서 및 악보(반주보) 제출

  ○ 제출방법 : 이메일(park4254@geumcheon.go.kr) 또는 방문 제출(금천구청 7층 아동청년과)

  ○ 문의 : 금천구청 교육지원과(02-2627-2843)"
F,289492.0,FAQ,22214061.0,문화와여가,브라보 서초문화버스 (셔틀버스) 운행,20181128120932.0,2018-11-28 12:09:32,"▣ 업무개요



교통취약지역과 관내 문화시설을 연계하여 이용하는 서초구민의 편의를 제공하고자 Bravo 서초문화버스 (셔틀버스) 운행



？



▣ 브라보 서초문화버스 운행 개요 (2018.2.22 운행개시) 



？



○ 운영시간 : 매주 월~금 09:00~18:00 (점심시간 제외) 



                   ※ 토, 일, 공휴일 휴무



○ 탑승대상 : 관내 문화시설 및 동 문화프로그램 이용자



○ 이용방법 : 탑승시 접수증, 수강증, 도서관 회원카드, 대출증, 행사안내 문자 등 제시 必



○ 운영노선 및 운행시간 안내 : 서초구청 홈페이지 참조



http://www.seocho.go.kr/site/seocho/04/10412060000002018040209.jsp



？



▣ 문의 : 서초문화원 02-2058-1204"
F,289612.0,FAQ,22214339.0,지역개발,마곡산업단지 내 문화시설 건립,20180910131534.0,2018-09-10 13:15:34,"업무개요



 마곡산업단지 내 문화시설 건립





 업무설명



 ○ 추진목적 : 문화시설 확충을 통한 창의적 연구환경 제공



 ○ 추진방법 : 입주기업 공공기여를 통한 민간자본 활용



 ○ 사업내용



  ① (가칭)LG아트센터 및 사이언스 홀



  - 서울식물원 내 연면적 3만5천㎡ 규모의 대규모 공연장 설치(1,100억원 규모)



  - 대극장 1,300석, 소극장 400석, 과학체험시설 설치



  - 인근에 위치한 코오롱 미술관과 연계한 다채로운 볼거리 및 즐길거리 제공



  - 준공 : ’20년 하반기



 ② 스페이스 K 서울(코오롱 미술관)



  - 산업단지 문화공원 2호 내 연면적 1,900㎡규모의 미술관 건립(70억원 규모)



  - 작품전시실, 주민커뮤니티 공간, 휴게공간 설치



  - 입주기업 근로자 개인전, 동호회 작품전 등 이벤트 개최 검토



  - 준공 : ’19년 하반기



 ※ 준공 후 운영은 문화본부 협조





 위치 및 주소



 -





 주의사항·특이사항



 -"
F,289648.0,FAQ,22214328.0,농림해양수산,서울반려동물교육센터,20190408175105.0,2019-04-08 17:51:05,"교육



주제



일시



횟수 및 모집인원



접수방법



장소





반려동물 돌봄문화



시민학교(반려견)







 - 반려동물과 함께 살기위한 준비



 - 반려동물의 생태적 특징 및 언어 이해



 - 반려동물의 생애주기에 따른 건강관리법



 - 반려동물의 행동풍부화, 장난감 만들기



- 매주 목요일 20:00~21:40



- 매주 토요일 13:00~14:40



 - 16기(기수별 4회)



 - 기수별 시민 30명



동물권행동카라 홈페이지 



(https://www.ekara.org/)



서울반려동물



교육센터





반려동물 돌봄문화



시민학교(반려묘)



- 매주 화요일 20:00~21:40



 - 8기(기수별 4회)



 - 기수별 시민 30명





반려동물 행동 교육



(사회화 및 기본 예정교육)



 - 반려견 사회화 개념



 - 사람, 동물, 환경, 상황에 대한 사회화



 - 매주 수요일 20:00~21:40



 - 8기(기수별 4회)



 - 기수별 시민 30명





반려동물 행동 교육



(행동 문제 교정 심화반)



 - 반려견 기본 매너 교육



 - 분리불안 행동 교육



 - 흥분, 짖음 등 과도한 반응 교육



 - 신체 접촉 두려움 완화 교육



- 매주 목요일 16:00~17:40- 매주 토요일 15:30~17:10



 - 12기(4개 주제별 3기, 기수별 5회)



 - 기수별 6~7팀



※ 6개월 이상 반려견, 보호자





미취학아동 동물보호 교육



 - 동물보호원칙, 생명존중, 동물등록,



    돌봄예절, 동물학대, 안전



접수 후 조정



 - 미취학아동(만 5~6세), 4,000명



 ※ 4/10~5/31일까지 선착순



-서울시 



공공서비스예약 시스템



 (http://yeyak.seoul.go.kr/)



유치원.어린이집



(전문강사 방문)





주소 및 위치



 - 구로구 경인로 472(구로동) 지하철 1호선 구일역 1번출구 도보 5분  ※  주차협조 : 롯데마트 구로점 주차장 이용가능





문의처



 - 서울반려동물교육센터 02-2133-7656, 02-2656-7649



 - 동물권행동 카라 02-3482-0999



 - 서울시 동물보호과 02-2133-7656"
F,289658.0,FAQ,22214324.0,산업중소기업,아파트 태양광 설치 및 에너지절약 활성화 포럼,20180716100613.0,2018-07-16 10:06:13,"업무개요



 12가지 아파트 절전 포인트로 에너지 절약과 환경도 살리는 똑똑한 아파트 관리비 절감 비법 노하우를 공개하는 포럼 개최



업무내용　 ▣ 아파트 태양광 설치 및 에너지절약 활성화 포럼 운영 개요 [바로가기]

　구분내용　

　일시 2018년 7월 23 (월) 16:00 ~ 17:40　

　 장소 서울시청 서소문별관 후생동 4층 강당　

　신청방법 ○ 온라인 : 서울시청 홈페이지 → 분야별서비스 [환경] → 새소식 → [태양광] 검색  → 내용 하단 링크 클릭 

    (바로가기 : https://goo.gl/forms/mbChgiaK9GamjDUf1)　

　대상 200명 (아파트 입주자대표, 입주민, 관리사무소장, 공동주택관계자, 시·자치구 담당자 등)　

　진행순서                                                                                                          ■  사회 : 김종민 에너지지원팀장　

　　시간강연내용연사　　

　　15:30~16:00  참가자 등록 -　　

　　 16:00~16:10개회사김연지 과장

서울시에너지시민협력과

하원선 회장

대한주택관리사협회 서울시회　　

　　16:10~16:30 전세대 미니태양광 설치 경험과 효과

 - 홍릉동부 아파트 사례 -민한식 소장

홍릉동부아파트 관리사무소　　

　　 16:30~16:50전세대 태양광 설치 과정의 이해

 - 소형 및 대형아파트 사례를 중심으로 - 양세훈 원장

한국정책분석평가원　　

　　16:50~17:10아파트 전기료 30% 절감 유형별 사례와 효과

-12개 절전 포인트를 점검하라-심재철 이사

에너지나눔연구소 협동조합　　

　　 17:10~17:40Q&amp;A연사 및 참석자

서울 에너지공사　　

　   　

　

비고 ▣ 문의 : 서울시 에너지시민협력과 02-2133-3662"
F,289660.0,FAQ,22214328.0,농림해양수산,애완곤충 경진 대회,20190515130507.0,2019-05-15 13:05:07,"▣ 행사개요



  - 애완 곤충 경진대회 홈페이지 바로가기





구분



내용





주제 



 곤충은 내 친구! 우리와 함께 놀자





기간



 2019. 06. 20.(목) ~ 06. 23. (일)/4일간





장소



 SETEC(제1전시관, 국제회의장) / 강남구 남부순환로 3140  / 전화. 02-2187-4600





참가비 및 입장료



 무료





참가신청 방법



 애완곤충경진대회 홈페이지 온라인 접수 바로가기





주최/주관



 서울특별시, 농촌진흥청 국립농업과학원 / 서울시곤충산업연구회











▣ 행사일정





구분



6월20일(목) ~ 6월23일(일)



6월21일(금)



6월 22일(토)



6월23일(일)





곤충전시.체험, 부대행사



개회식, 포럼



경진대회



경진대회, 시상식





10:00~12:00



○ 곤충전시 및 홍보관



 1. 주제관



 2. 곤충표본, 윙아트전시



 3. 국립농업과학원 등 전시



 4. 애완곤충샵 전시



 5. 파충류샵 전시



 6. 곤충사진전









○ 곤충체험



 1. 메뚜기를 잡아보기



 2. 낚시로 곤충 올리기



 3. 촉감으로 곤충 느끼기



 4. 물방개 수영경주



 5. 굼벵이 빨리가기



 6. 타잔곤충 밧줄타기



 7. 표본교실









○ 부대행사



 1. 곤충영상 관람



 2. 진로체험



 3. 곤충용품 판매















○ 곤충경진 2차(7종목)



   - 곤충 과학왕



    - 곤충표본



    - 타잔곤충



    - 귀요미곤충(3종)



    - 곤충미로찾기





12:00~13:20



○ 사은품 나눔행사



  -  선착순 200명(12:30~)











13:20~14:00



○ 개막식(전시장 무대)



   - 내빈입장 및 소개



   - 개회사, 격려사, 축사



   - 오프닝 퍼포먼스



○ 곤충경진 1차(8종목)



  - 멋쟁이곤충(6종)



   - 부모와 함께하는 우량곤충(2종)



○ 입상자 선발



   - 15종목 43점





14:00~16:00



○ 애완곤충산업 포럼



  - (주최) 국립농업과학원



  - (장소) 국제회의장



  - (내용) 애완곤충과



      심리치유 발표.토론



○ 시상식(15:30~)



   - 입상자 15종목 43점



   - 종목별 상장수여





16:00~18:00



폐회"
F,289665.0,FAQ,22214331.0,과학기술,제2회 AI(인공지능)혁신포럼 ‘AI를 만난 블록체인’,20180717170150.0,2018-07-17 17:01:50,"업무개요   4차 산업혁명을 이끄는 핵심기술인 인공지능(AI)과 블록체인을 연계한 주제로 AI 전문 포럼 개최

업무내용　 ▣ 제2회 AI혁신포럼 ‘AI를 만난 블록체인’  [바로가기]　　　

　구분내용　

　일시 2018년 7월 20일(금) 10:00 ~  17:00　

　신청방법 온라인 : 양재R&amp;CD혁신허브 홈페이지(http://yangjaehub.com/)를 통해 신청　

　장소 양재R&amp;CD혁신허브 1층 AI플레이그라운드　

　대상 기업 종사자, 연구원 및 일반인 등 200명 내외　

　참기비용 무료　

　세션 및 발표시간 ○ 행사명 :혁신포럼 아이포닷 (AI-for.)

 ○ 주제 : 제2회 혁신포럼 ‘AI-for. Blockchain’ 

   - (세션1) 블록체인, 서울에 가다

   - (세션2) 서울에 온 블록체인, AI를 만나다

 ○ 참여전문가: 국내 전문가 6인(각 세션별 연사 3인 (좌장포함))

 ○ 행사일정　

　　시간세션주요내용비고　　

　　09:20 ~ 10:00(40&apos;)참가등록 및 안내혁신허브　　

　　10:00 ~ 10:05(05&apos;)행사소게혁신허브 소장　　

　　10:05 ~ 10:45(40&apos;)

세션



1 

블록체인이 만드는 신뢰, 

인공지능의 초석이 되다피노텍 블록체인연구소 

고덕윤 소장　　

　　10:45 ~ 11:25(40&apos;)

Real-world Value of BLOCKCHAIN 



NAVIGATION 

글로스퍼 김태원 대표　　

　　11:25 ~ 12:05(40&apos;)에스토니아의 블록체인코인토스 김정환 이사　　

　　12:05 ~ 12:45(40&apos;)(토론)연사 3인　　

　　12:40 ~ 13:50 ( - )점심 및 참가등록-　　

　　13:50 ~ 14:00(10&apos;)행사소개혁신허브 소장　　

　　14:00 ~ 14:40(40&apos;)

세션



2 

인공지능과 블록체인KAIST 이민화 교수　　

　　14:40 ~ 15:20(40&apos;)-중앙대 소프트웨어학 

김중헌 교수　　

　　15:20 ~ 16:00(40&apos;)-트러스트 버스 정기욱 대표　　

　　16:00 ~ 16:40(40&apos;)(토론)연사 3인　　

　　16:40 ~ 16:45(05&apos;)마무리(Wrap-up)혁신허브 소장　　

　   　

　

비고 ▣ 문의 : 서울시 경제정책과(02-2133-5218), 카이스트 이노베이션센터(02-2135-6817)"
F,289721.0,FAQ,22214328.0,농림해양수산,2018년 은평 꽃 피는 장날,20180905152145.0,2018-09-05 15:21:45,"업무개요



 은평 꽃피는 장날 출전자 모집안내





 운영기간



 2018년 총6회 진행 : 5월~7월, 9월~11월 / 매월 둘째 주 토요일





 모집기간



 매월 둘째 주 토요일 장터이후 중,후반 2주간 모집





 대상자



 농부팀



 은평과 인근에서 농사를 짓는 도시농부,소농(경기도 가능)





 요리팀



 건강한 요리, 특별한 레시피의 요리/먹거리를 만드는 개인,조직 유기농, 친환경, 지역 농작물 사용 권장 

 ※ 은평 소재 사회적경제기업 또는 주민 및 단체만 신청가능 





 수공예팀



 환경과 생활을 고려하여 공예품을 제작하는 개인, 조직 

 ※ 은평 소재 사회적경제기업 또는 주민 및 단체만 신청가능 





신청방법



 은평구사회적경제허브센터 홈페이지 공지 

 - 신청서 작성 후 이메일로 접수 epm_blossom@naver.com  

 ※ 참여 확정 이후 출점비 15,000원 납부(장터 당일) 





 장소



 롯데몰 은평점 광장(3호선 구파발역 3번출구) 

 ※ 대중교통 권장 





 문의처



 은평구사회적경제허브센터 02-355-7913





 기타사항



 - 기본 부스 지원 : 파라솔, 테이블, 의자(전기는 협의 필요) 

 - 우천 시 변경 또는 취소 (금요일 오전 10시 홈페이지에 공지함) 







 업무개요



은평 꽃 피는 장날 현장 즐기기





출전팀



 농부팀



 명아주지팡이, 블루베리차, 유기농사과, 유기농사과식초, 유기농포도, 건고추, 옥수수, 복숭아, 고사리, 텃밭 김치, 참송이버섯,  

 노루궁뎅이버섯 등 

 ※ 매회차 출전자 상이할 수 있음 





 요리팀



 두부요리, 채소전(깻잎, 고추, 호박), 즉석겉절이, 장류, 천연발효종빵, 발효식품, 공정무역 커피, 식혜,  오미자청,  

 연잎밥, 장이찌, 대추차, 장날 간식거리(주먹밥, 꼬마김밥, 납작만두)등 

 ※ 매회차 출전자 상이할 수 있음





 수공예팀



 나무로 만든 살림도구, 미생물 수제 비누, 한복천 브로치, 업싸이클링 생활소품, 생활의류 등  

 ※ 매회차 출전자 상이할 수 있음 





공 연



 협동조합 문화예술단 꾸마달( 낮12시~12시30분) 

 - 지역아동센터를 다닌 청년들과 현 이용 아동이 함께 만든 문화예술단으로, 야외 장터에 어울리는 음악을 선물





이야기



 아빠맘두부의 은평 골목두부(낮1시~1시30분) 

 - 사회적경제/동네기업으로 은평에서 몸에 좋은 재료로 직접 두부를 만들게 된 이야기, 앞으로 나아가고자 하는 방향을 나눕니다. 





 NEW



 내 손으로 만드는 살림 워크숍 &apos;나무와 천&apos;(상시운영) 

 - 나무 : 오후의 공방(휴대용 스마트폰거치대) 

 - 천 : 화전마을학교(직조로 컵받침), 바보공방(양말인형), 바늘한땀협동조합(면생리대) 





 기타사항



 1. 현금을 준비하세요(카드결제 불가) 

  농부와 요리사, 수공예가가 만드는 소중한 먹거리와 공예품에 대한 값을 고스란히 전해드리고자 카드사용을 하지 않음  

 2. 장바구니, 그릇, 수저, 컵을 챙겨오세요 

  환경을 생각하는 은평 꽃피는 장날에서는 일회용품을 사용하지 않습니다. 

 ※ 그릇, 수저, 컵은 장터에서 빌려 쓸 수 있어요. 단, 보증금 1000원"
F,289799.0,FAQ,22214047.0,기업과경제,ESCO(에너지절약전문기업)사업의 장점은?,20200304203316.0,2020-03-04 20:33:16,"에너지사용자는 기술적 또는 경제적 부담없이 에너지절약형 시설로 개체가 가능하고 ESCO는 투자수익성을 보고 투자위험을 부담하는 벤처형 사업입니다. 



장점으로는 1. 초기투자비 부담 없이 에너지절약형 시설 설치 및 에너지비용 절감



2. 에너지절약시설 투자에 따른 기술적 위험부담 해소



3. 전문기업으로부터 에너지절약 시설에 대한 체계적, 전문적 서비스 제공



4. 에너지절약 전문기업 투자사업시 자금지원 및 세제지원 혜택 등이 있습니다.？"
F,289800.0,FAQ,22214047.0,기업과경제,ESCO사업의 주요 사업분야에는 어떤게 있나요?,20200304203306.0,2020-03-04 20:33:06,"ESCO사업 분야에는



산업체, 건물의 소형 열병합 발전사업, 보일러 교체(GHP, EHP) 



에너지절약형 시설 개체 사업



전기대체 냉방시설 등 수요관리 투자사업 / 공정개선 및 폐열회수 등이 있습니다.？"
F,289801.0,FAQ,22214047.0,기업과경제,ESCO사업이란 뭔가요?,20200304203245.0,2020-03-04 20:32:45,ESCO란 Energy Service Company(에너지절약전문기업)의 약자로 에너지사용자가 에너지절약을 위하여 기존의 노후화되었거나 저효율로 운전중인 에너지사용 시설을 고효율 에너지사용 시설로 개체 또는 보완하고자 할 때 ESCO가 에너지사용자에게 에너지절약 시설의 설치에 따른 에너지절약효과를 보증하고 사업을 수행합니다.
F,289802.0,FAQ,22214047.0,기업과경제,건설업도 비영리법인 등록이 가능한가요?,20190917181031.0,2019-09-17 18:10:31,"건설산업기본법 제9조 제3항의 규정에 의거 국가 또는 지자체가 자본금의 5할 이상을 출자한 법인 또는 영리를 목적으로 하지 아니하는 법인은 다른 법률에 특별한 규정이 있는 경우를 제외 하고는 동조 제1항의 규정에 의한 건설업의 등록을 신청할 수 없음.



기업과 경제 주유소 석유판매업등록"
F,289803.0,FAQ,22214024.0,구정일반,광진환경백서는 몇년 주기로 발간됩니까?,20190917181020.0,2019-09-17 18:10:20,"광진 환경백서는 3년 마다 발간됩니다.



참고로 지난 2003년부터 출간되어 최근 2011년에 환경백서가 발간되었습니다.







※서울시 환경백서 담당자는?기후환경본부 기후변화정책관 환경정책과 환경정책팀 권선조주무관 02-2133-3516 → 개인 구할 수 없음, 서울시청 홈페이지 분야별 정도 환경 공원 상수도 코너에 있음？"
F,289804.0,FAQ,22214047.0,기업과경제,등록된 법인의 지점이나 사업소는 별도로 등록해야 시공이 가능한가요 ?,20190917181020.0,2019-09-17 18:10:20,"- 건설산업기본법에서는 건설업의 영업구역에 대하여 별도로



제한하고 있지 아니하므로 1인에게 2이상의 동일한 건설업의



등록을 허용하지 아니합니다. 따라서 1개의 건설업종에 대하여



등록을 하였다면 동업종에 대하여는 별도로 등록을 하지 아니



하여도 될 것입니다.？"
F,289806.0,FAQ,22214080.0,사회보장과복지,아기사랑나눔센터 이용방법,20190425160618.0,2019-04-25 16:06:18,"？？ 위     치: 잠실역 지하광장   ※ 트레비분수 앞 지하철 2호선 3번 출구 방향   



？？？ 이용대상: 송파구 거주 만 3세 이하 자녀를 둔 모든 가정



？？ 운영품목: 유모차, 보행기, 장난감 



？？ 운영시간: 화~토요일 10:00 ~ 16:00  



    ※ 월？ 일요일, 공휴일은 휴무  / 점심시간 12시 30분 ~ 13시 



？？ 대여방법: 아기사랑나눔센터 홈페이지(http://childcare.songpa.go.kr) 



    회원가입 후 방문 대여 (주민등록등본 확인 거쳐 회원카드 발급 후 이용 가능) 



？？ 대여물품수: 1인당 1회 2점까지 (예: 유모차 및 보행기 중 각 1대 + 장난감 1점)  



(※ 유모차 및 보행기는 연 2회까지 대여 가능하나, 연속 대여는 불가 / 매회 2개월 연장 대여 가능) 



？？ 유모차 대여시 보증금 5천원 납부 / 물품 1점당 1일 200원 연체료 납부 



？？ 연회비 : 1만원 [※ 단, 기초생활수급자(생계,의료), 한부모가족, 장애인, 다문화가정, 넷째이상 다자녀 가정은 100% 면제 / 셋째 자녀 가정 50% 감면]  



？？ 기타문의 : 송파구 아기사랑나눔센터 (02-413-1230)？"
